<?xml version="1.0" encoding="UTF-8"?>
<project-private xmlns="http://www.netbeans.org/ns/project-private/1">
    <editor-bookmarks xmlns="http://www.netbeans.org/ns/editor-bookmarks/2" lastBookmarkId="0"/>
    <open-files xmlns="http://www.netbeans.org/ns/projectui-open-files/2">
        <group>
            <file>file:/E:/Programación%20desde%20cero/Fullstack/Java%20-%20POO/Ejercicios/IronMan/src/ironman/IronMan.java</file>
            <file>file:/E:/Programación%20desde%20cero/Fullstack/Java%20-%20POO/Ejercicios/IronMan/src/Entidades/Armadura.java</file>
        </group>
    </open-files>
</project-private>
